journal_id;name;publication
70478294;The Journal of Logic and Algebraic Programming;The Journal of Logic and Algebraic Programming 80 2011
57667410;Annals of Operations Research;Annals of Operations Research 75 1997
7571225;Applied Mathematics Letters;Applied Mathematics Letters 25 2012
129839026;Journal of the American Medical Informatics Association;Journal of the American Medical Informatics Association 12 2005
255146;Synthese;Synthese 134 2003
183285281;Advances in Computers;Advances in Computers 79 2010
49967189;Wireless Personal Communications;Wireless Personal Communications 22 2002
31619775;Applied Ontology;Applied Ontology 7 2012
161464388;Journal of Intelligent Manufacturing;Journal of Intelligent Manufacturing 12 2001
2764461748;Studies in computational intelligence;Studies in computational intelligence 377 2012
64721560;Reliable Computing;Reliable Computing 8 2002
5962179;Acta Cybernetica;Acta Cybernetica 18 2008
57050787;Advances in Computational Mathematics;Advances in Computational Mathematics 9 1998
150190834;Photonic Network Communications;Photonic Network Communications 5 2003
149828480;Natural Computing;Natural Computing 11 2012
136415702;Scandinavian Journal of Information Systems;Scandinavian Journal of Information Systems 22 2010
125499977;Bit Numerical Mathematics;Bit Numerical Mathematics 28 1988
122922407;Information Technology & Management;Information Technology & Management 4 2003
118988714;Journal of Machine Learning Research;Journal of Machine Learning Research 13 2012
103321696;European Journal of Operational Research;European Journal of Operational Research 256 2017
166722454;Education and Information Technologies;Education and Information Technologies 5 2000
200334879;Discrete Mathematics & Theoretical Computer Science;Discrete Mathematics & Theoretical Computer Science 10 2008
164884734;Annales Des Télécommunications;Annales Des Télécommunications 60 2005
58913237;Journal of Digital Information Management;Journal of Digital Information Management 4 2006
58563349;Journal of Universal Computer Science;Journal of Universal Computer Science 12 2006
182003359;Journal of Instruction-level Parallelism;Journal of Instruction-level Parallelism 5 2003
7020383;Communications of The Ais;Communications of The Ais 2 1999
35593046;Computing;Computing 36 1986
145894672;Telecommunication Systems;Telecommunication Systems 23 2003
115925768;Journal of Global Optimization;Journal of Global Optimization 22 2002
34876645;Nordic Journal of Computing;Nordic Journal of Computing 6 1999
62148650;Machine Learning;Machine Learning 51 2003
57195646;Informatica (lithuanian Academy of Sciences);Informatica (lithuanian Academy of Sciences) 22 2011
85498321;Design Automation for Embedded Systems;Design Automation for Embedded Systems 7 2002
192650101;Information Sciences;Information Sciences 39 1986
147751515;International Journal of Computers Communications & Control;International Journal of Computers Communications & Control 3 2008
148709879;Journal of Computational Physics;Journal of Computational Physics 230 2011
166990724;IEICE Transactions on Fundamentals of Electronics, Communications and Computer Sciences;IEICE Transactions on Fundamentals of Electronics, Communications and Computer Sciences 98 2015
2738871534;Transactions on Data Privacy;Transactions on Data Privacy 5 2012
41034432;Quantum Information & Computation;Quantum Information & Computation 12 2012
66221708;Journal of Mathematical Imaging and Vision;Journal of Mathematical Imaging and Vision 14 2001
91329792;Journal of Intelligent and Robotic Systems;Journal of Intelligent and Robotic Systems 20 1997
12266929;Journal of Functional Programming;Journal of Functional Programming 1 1991
116823179;Transactions on Computational Systems Biology;Transactions on Computational Systems Biology 14 2012
36874608;Elektrotechnik Und Informationstechnik;Elektrotechnik Und Informationstechnik 127 2010
2764848351;Computer-Aided Engineering;Computer-Aided Engineering 12 2005
18904315;Journal of Symbolic Computation;Journal of Symbolic Computation 47 2012
46765617;Ldv Forum;Ldv Forum 15 1998
200807567;Journal of Electronic Testing;Journal of Electronic Testing 17 2001
11075324;International Journal of Strategic Information Technology and Applications;International Journal of Strategic Information Technology and Applications 6 2015
107631664;Integrated Computer-aided Engineering;Integrated Computer-aided Engineering 14 2007
129640837;International Journal of Systems Science;International Journal of Systems Science 29 1998
45003570;Performance Evaluation;Performance Evaluation 64 2007
2764436308;Journal of Integrated Design & Process Science archive;Journal of Integrated Design & Process Science archive 6 2002
114499935;Journal of Web Engineering;Journal of Web Engineering 8 2009
18902827;Discrete Mathematics;Discrete Mathematics 312 2012
2764799262;Information-Knowledge-Systems Management archive;Information-Knowledge-Systems Management archive 7 2008
33323087;Management Science;Management Science 64 2017
160628929;User Modeling and User-adapted Interaction;User Modeling and User-adapted Interaction 8 1998
148503350;Queueing Systems;Queueing Systems 27 1997
50368787;Electronic Notes in Theoretical Computer Science;Electronic Notes in Theoretical Computer Science 36 2000
156280010;American Mathematical Monthly;American Mathematical Monthly 115 2008
16006927;Journal of Multimedia;Journal of Multimedia 4 2008
93469583;Computers and The Humanities;Computers and The Humanities 34 2000
112260463;Electronic Communication of The European Association of Software Science and Technology;Electronic Communication of The European Association of Software Science and Technology 10 2008
91790502;Journal of Research and Practice in Information Technology;Journal of Research and Practice in Information Technology 35 2003
63239782;Engineering Letters;Engineering Letters 16 2008
106296714;Lecture Notes in Computer Science;Lecture Notes in Computer Science 2948 2003
134484881;Discrete Event Dynamic Systems;Discrete Event Dynamic Systems 8 1998
26186134;Social Networks;Social Networks 28 2006
154637859;Signal Processing;Signal Processing 128 2016
57293258;Management Information Systems Quarterly;Management Information Systems Quarterly 30 2006
25538012;International Journal of Computer Vision;International Journal of Computer Vision 34 1999
72366220;Combinatorica;Combinatorica 12 1992
2764401563;IEICE technical report. Natural language understanding and models of communication;IEICE technical report. Natural language understanding and models of communication 105 2005
107325288;Social Choice and Welfare;Social Choice and Welfare 20 2003
2764847869;IACR Cryptology ePrint Archive;IACR Cryptology ePrint Archive 2005 2005
975621743;Presence: Teleoperators & Virtual Environments;Presence: Teleoperators & Virtual Environments 1 1992
2764374723;Information polity;Information polity 12 2007
204851967;European Journal of Combinatorics;European Journal of Combinatorics 54 2016
2764653341;Informatics in education;Informatics in education 5 2006
106843326;IEEE Distributed Systems Online;IEEE Distributed Systems Online 2 2001
40694607;International Journal of Virtual Reality;International Journal of Virtual Reality 6 2007
35927321;Distributed and Parallel Databases;Distributed and Parallel Databases 10 2001
109852484;Empirical Software Engineering;Empirical Software Engineering 2 1997
4650632;International Journal of Speech Technology;International Journal of Speech Technology 3 1999
71517120;Psychnology Journal;Psychnology Journal 6 2008
112045545;Ercim News;Ercim News 2010 2010
140563256;Operational Research;Operational Research 1 2001
43295729;Remote Sensing;Remote Sensing 1 2009
205498627;Wireless Networks;Wireless Networks 5 1999
28621275;Softwaretechnik-trends;Softwaretechnik-trends 22 2002
106179100;Journal of Information Science and Engineering;Journal of Information Science and Engineering 20 2004
6236348;Computing and Informatics / Computers and Artificial Intelligence;Computing and Informatics / Computers and Artificial Intelligence 29 2012
81442583;International Journal of Wireless Information Networks;International Journal of Wireless Information Networks 8 2001
202812398;Information Systems Research;Information Systems Research 30 2019
121371512;Order;Order 16 1999
4511983;Journal of Advanced Computational Intelligence and Intelligent Informatics;Journal of Advanced Computational Intelligence and Intelligent Informatics 8 2004
148561398;Scientometrics;Scientometrics 56 2003
2765074683;Pacific Asia journal of the Association for Information systems;Pacific Asia journal of the Association for Information systems 5 2013
2752854997;Studies in health technology and informatics;Studies in health technology and informatics 11 2004
122814990;Artificial Intelligence Review;Artificial Intelligence Review 22 2004
39243548;Computational Optimization and Applications;Computational Optimization and Applications 19 2001
117727964;IEEE Journal of Selected Topics in Applied Earth Observations and Remote Sensing;IEEE Journal of Selected Topics in Applied Earth Observations and Remote Sensing 8 2015
142665794;Theory of Computing;Theory of Computing 6 2010
9954729;Journal of Management Information Systems;Journal of Management Information Systems 11 1994
151550017;Journal of Scientific Computing;Journal of Scientific Computing 14 1999
62907800;Journal of Automata, Languages and Combinatorics;Journal of Automata, Languages and Combinatorics 11 2006
2764905038;Advances in intelligent systems and computing;Advances in intelligent systems and computing 354 2015
38448739;Electronic Journal of Combinatorics;Electronic Journal of Combinatorics 3 1996
30686695;ICGA Journal;ICGA Journal 33 2010
148906134;Applied Categorical Structures;Applied Categorical Structures 5 1997
128556326;Journal of Combinatorial Theory, Series A;Journal of Combinatorial Theory, Series A 120 2013
2939117604;Journal of Combinatorial Theory, Series B;Journal of Combinatorial Theory, Series B 103 2013
168738021;International Journal of Social Robotics;International Journal of Social Robotics 4 2012
91852382;Science in China Series F: Information Sciences;Science in China Series F: Information Sciences 58 2015
155547894;Genomics, Proteomics & Bioinformatics;Genomics, Proteomics & Bioinformatics 9 2011
150671403;Computers & Chemical Engineering;Computers & Chemical Engineering 63 2014
87630009;International Journal of Multimedia Data Engineering and Management;International Journal of Multimedia Data Engineering and Management 3 2012
37320504;Industrial Management and Data Systems;Industrial Management and Data Systems 116 2016
179157397;Journal of Intelligent and Fuzzy Systems;Journal of Intelligent and Fuzzy Systems 29 2015
5301423;Intelligence/sigart Bulletin;Intelligence/sigart Bulletin 104 1988
193920097;Mathematical Programming;Mathematical Programming 97 2003
39012697;Fundamenta Informaticae;Fundamenta Informaticae 124 2013
57950554;International Journal of Intelligent Systems;International Journal of Intelligent Systems 16 2001
73158690;Ars Combinatoria;Ars Combinatoria 52 1999
117494069;Numerical Algorithms;Numerical Algorithms 25 2000
12943752;Wirtschaftsinformatik und Angewandte Informatik;Wirtschaftsinformatik und Angewandte Informatik 54 2012
11189987;Electronic Colloquium on Computational Complexity;Electronic Colloquium on Computational Complexity 14 2007
130252234;Transportation Science;Transportation Science 50 2016
16958353;SIAM Journal on Matrix Analysis and Applications;SIAM Journal on Matrix Analysis and Applications 37 2016
139349430;Distributed Computing;Distributed Computing 31 2018
161120620;Journal of Philosophical Logic;Journal of Philosophical Logic 9 1980
166986516;Informatica (slovenia);Informatica (slovenia) 25 2001
147953040;Information Processing Letters;Information Processing Letters 33 1989
185029670;Journal of Chinese Language and Computing;Journal of Chinese Language and Computing 15 2005
81616010;Designs, Codes and Cryptography;Designs, Codes and Cryptography 29 2003
94044085;Games and Economic Behavior;Games and Economic Behavior 100 2016
4502562;IEEE Transactions on Information Theory;IEEE Transactions on Information Theory 63 2017
84409463;Acta Informatica;Acta Informatica 24 1987
101949793;Sensors;Sensors 19 2018
2765056160;Neural, Parallel & Scientific Computations archive;Neural, Parallel & Scientific Computations archive 9 2001
2764364775;electronic imaging;electronic imaging 6492 2007
2764881110;TCDL Bulletin;TCDL Bulletin 3 2007
165473669;Journal of Computational and Applied Mathematics;Journal of Computational and Applied Mathematics 313 2017
54761077;Annual Reviews in Control;Annual Reviews in Control 27 2003
2764425782;British Telecom technology journal;British Telecom technology journal 7 1990
205929853;Electronic Commerce Research;Electronic Commerce Research 3 2003
125775545;Operations Research;Operations Research 66 2018
187377680;Educational Technology & Society;Educational Technology & Society 6 2003
186126824;Graphs and Combinatorics;Graphs and Combinatorics 9 1993
78735424;Cognitive Science;Cognitive Science 35 2013
2738080829;Journal of Wireless Mobile Networks, Ubiquitous Computing, and Dependable Applications;Journal of Wireless Mobile Networks, Ubiquitous Computing, and Dependable Applications 5 2014
18436875;International Journal of Electronic Commerce;International Journal of Electronic Commerce 9 2005
122567160;International Journal on Software Tools for Technology Transfer;International Journal on Software Tools for Technology Transfer 3 2001
189576285;International Journal of Network Security;International Journal of Network Security 12 2011
163424111;Journal of Discrete Algorithms;Journal of Discrete Algorithms 36 2016
150218641;Programming and Computer Software;Programming and Computer Software 29 2003
133764092;International Journal of Knowledge-based and Intelligent Engineering Systems;International Journal of Knowledge-based and Intelligent Engineering Systems 10 2006
2764642956;Applied statistics;Applied statistics 28 1979
2764534584;Journal of Information Technology in Construction;Journal of Information Technology in Construction 11 2006
135086714;Journal of Information Technology;Journal of Information Technology 11 1996
59995812;International Journal of Enterprise Information Systems;International Journal of Enterprise Information Systems 8 2012
168803321;International Journal of Information and Communication Technology;International Journal of Information and Communication Technology 8 2016
186475270;Space Communications;Space Communications 16 2000
2736881203;Informing Science The International Journal of an Emerging Transdiscipline;Informing Science The International Journal of an Emerging Transdiscipline 8 2005
32326811;The Journal of Supercomputing;The Journal of Supercomputing 24 2003
109144305;Bulletin of The European Association for Theoretical Computer Science;Bulletin of The European Association for Theoretical Computer Science 101 2010
132261465;IEEE Robotics & Automation Magazine;IEEE Robotics & Automation Magazine 22 2015
62003192;IEEE Data(base) Engineering Bulletin;IEEE Data(base) Engineering Bulletin 32 2009
47778307;Computational and Mathematical Organization Theory;Computational and Mathematical Organization Theory 5 1999
2898246533;IFAC Proceedings Volumes;IFAC Proceedings Volumes 40 2007
181659395;Information Systems Frontiers;Information Systems Frontiers 5 2003
134936796;Ubiquity;Ubiquity 2010 2010
2764675581;Journal of the Institute of Electronics Engineers of Korea;Journal of the Institute of Electronics Engineers of Korea 45 2013
110206669;Multimedia Tools and Applications;Multimedia Tools and Applications 21 2003
64117906;Digital Signal Processing;Digital Signal Processing 78 2018
131276044;Journal of Nonlinear Science;Journal of Nonlinear Science 12 2002
10666458;International Journal of Interactive Mobile Technologies (ijim);International Journal of Interactive Mobile Technologies (ijim) 2 2008
111371982;Control and Intelligent Systems;Control and Intelligent Systems 37 2009
161516442;Journal of Computer Science and Technology;Journal of Computer Science and Technology 8 1993
81410195;Manufacturing & Service Operations Management;Manufacturing & Service Operations Management 19 2017
196139623;Artificial Intelligence;Artificial Intelligence 21 1983
2764768454;International Journal of Intelligent Technologies and Applied Statistics;International Journal of Intelligent Technologies and Applied Statistics 4 2011
2764630084;Information Polity archive;Information Polity archive 11 2006
2764927640;Computing in Civil Engineering;Computing in Civil Engineering 13 2004
148521650;International Journal of Parallel Programming;International Journal of Parallel Programming 31 2003
169411308;Fuzzy Sets and Systems;Fuzzy Sets and Systems 92 1997
113222589;Cognition, Technology & Work;Cognition, Technology & Work 5 2003
151639445;Foundations of Computational Mathematics;Foundations of Computational Mathematics 3 2003
177586587;Computer Supported Cooperative Work;Computer Supported Cooperative Work 1 1992
174140584;International Journal of Computers for Mathematical Learning;International Journal of Computers for Mathematical Learning 1 1996
10892749;IEEE Transactions on Instrumentation and Measurement;IEEE Transactions on Instrumentation and Measurement 63 2014
158189712;Procesamiento Del Lenguaje Natural;Procesamiento Del Lenguaje Natural 41 2008
85427048;Iet Communications;Iet Communications 4 2010
81046792;Journal of Digital Information;Journal of Digital Information 5 2004
203549655;Discrete Optimization;Discrete Optimization 20 2016
89818526;Praxis Der Wirtschaftsinformatik;Praxis Der Wirtschaftsinformatik 50 2013
45693802;Neurocomputing;Neurocomputing 174 2016
191413112;Journal of Social Structure;Journal of Social Structure 1 2000
112686501;International Journal of Digital Content Technology and Its Applications;International Journal of Digital Content Technology and Its Applications 2 2008
141283892;Asymptotic Analysis;Asymptotic Analysis 59 2008
90727058;Theoretical Computer Science;Theoretical Computer Science 460 2012
4458074;Journal of Information, Law and Technology;Journal of Information, Law and Technology 2008 2008
206909572;Information Security Technical Report;Information Security Technical Report 11 2006
126160977;Mathematical Methods of Operations Research;Mathematical Methods of Operations Research 50 1999
8129204;Computing Systems;Computing Systems 3 1990
187709482;Electronic Commerce Research and Applications;Electronic Commerce Research and Applications 12 2013
59933527;Information & Computation;Information & Computation 254 2017
5405189;Autonomous Agents and Multi-Agent Systems;Autonomous Agents and Multi-Agent Systems 7 2003
139930977;Journal of Artificial Intelligence Research;Journal of Artificial Intelligence Research 51 2014
2764747844;The Journal of information and systems in education;The Journal of information and systems in education 18 2019
414566;Pattern Recognition;Pattern Recognition 13 1987
56271844;Information Systems and E-business Management;Information Systems and E-business Management 1 2003
22130598;Computer Science - Research and Development;Computer Science - Research and Development 27 2012
47517739;International Journal on It/business Alignment and Governance;International Journal on It/business Alignment and Governance 4 2013
88345224;Mathematics of Control, Signals, and Systems;Mathematics of Control, Signals, and Systems 14 2001
185256354;Information Technology & People;Information Technology & People 18 2005
203348814;SIAM Journal on Numerical Analysis;SIAM Journal on Numerical Analysis 54 2016
189700591;International Journal of Software and Informatics;International Journal of Software and Informatics 3 2009
145553572;International Journal of General Systems;International Journal of General Systems 46 2017
137348503;ACM Transactions on Algorithms;ACM Transactions on Algorithms 13 2017
50372074;Applied Mathematics and Computation;Applied Mathematics and Computation 204 2008
47930974;Genetic Programming and Evolvable Machines;Genetic Programming and Evolvable Machines 4 2003
2502551423;OR Spectrum;OR Spectrum 25 2003
1001063841;Künstliche Intelligenz;Künstliche Intelligenz 26 2012
2485147958;Journal of Computational Design and Engineering;Journal of Computational Design and Engineering 2 2015
37538908;IEEE Transactions on Very Large Scale Integration Systems;IEEE Transactions on Very Large Scale Integration Systems 24 2016
153560523;SIAM Journal on Computing;SIAM Journal on Computing 14 1985
166472302;Digital Humanities Quarterly;Digital Humanities Quarterly 3 2009
103225281;NeuroImage;NeuroImage 54 2011
42974456;International Transactions on Systems Science and Applications;International Transactions on Systems Science and Applications 1 2006
44535979;Applicable Algebra in Engineering, Communication and Computing;Applicable Algebra in Engineering, Communication and Computing 24 2013
207922018;Intelligenza Artificiale;Intelligenza Artificiale 1 2004
153767265;Eurasip Journal on Image and Video Processing;Eurasip Journal on Image and Video Processing 2015 2015
7504070;Software Quality Journal;Software Quality Journal 27 2019
202254422;Evolving Systems;Evolving Systems 6 2015
188076996;Archive for Mathematical Logic;Archive for Mathematical Logic 43 2004
202403813;Reliability Engineering & System Safety;Reliability Engineering & System Safety 85 2004
173256270;Computers & Operations Research;Computers & Operations Research 88 2017
40788348;Statistical Analysis and Data Mining;Statistical Analysis and Data Mining 9 2016
190936789;Journal of Cryptology;Journal of Cryptology 14 2001
8301326;South African Computer Journal;South African Computer Journal 28 2002
201849197;Numerische Mathematik;Numerische Mathematik 135 2017
113490347;Ad Hoc & Sensor Wireless Networks;Ad Hoc & Sensor Wireless Networks 10 2010
99781599;Journal of Automated Reasoning;Journal of Automated Reasoning 42 2009
92264924;Journal on Satisfiability, Boolean Modeling and Computation;Journal on Satisfiability, Boolean Modeling and Computation 6 2009
65753830;Soft Computing;Soft Computing 7 2003
91278097;Journal of Scheduling;Journal of Scheduling 20 2017
138592535;Journal of Information Technology Research;Journal of Information Technology Research 6 2013
60115552;Computers, Environment and Urban Systems;Computers, Environment and Urban Systems 41 2013
106390105;Ibm Journal of Research and Development;Ibm Journal of Research and Development 56 2012
100666833;The International Arab Journal of Information Technology;The International Arab Journal of Information Technology 3 2006
28822639;Computational Management Science;Computational Management Science 9 2012
151239915;Innovations in Systems and Software Engineering;Innovations in Systems and Software Engineering 12 2016
902237881;Electronic Notes in Discrete Mathematics;Electronic Notes in Discrete Mathematics 2 1999
30879505;Journal of the Association for Information Systems;Journal of the Association for Information Systems 15 2014
35920007;EURASIP Journal on Advances in Signal Processing;EURASIP Journal on Advances in Signal Processing 2004 2004
27556001;International Journal of Intelligent Information and Database Systems;International Journal of Intelligent Information and Database Systems 9 2017
80764785;Journal of Mathematical Modelling and Algorithms;Journal of Mathematical Modelling and Algorithms 12 2013
933883312;Cybernetics and Human Knowing;Cybernetics and Human Knowing 6 1999
75627377;Siam Journal on Financial Mathematics;Siam Journal on Financial Mathematics 7 2016
152598483;Web Intelligence and Agent Systems: An International Journal;Web Intelligence and Agent Systems: An International Journal 5 2007
132193140;Egyptian Computer Science Journal;Egyptian Computer Science Journal 30 2008
191948775;International Journal of Autonomous and Adaptive Communications Systems;International Journal of Autonomous and Adaptive Communications Systems 9 2016
54546190;AStA Wirtschafts- und Sozialstatistisches Archiv;AStA Wirtschafts- und Sozialstatistisches Archiv 7 2013
164249298;Clei Electronic Journal;Clei Electronic Journal 9 2006
45848134;Journal of Systems Science & Complexity;Journal of Systems Science & Complexity 26 2013
147897268;Neural Computing and Applications;Neural Computing and Applications 12 2003
2764886168;Journal of robotics and mechatronics;Journal of robotics and mechatronics 13 2001
105431777;Journal of Convergence Information Technology;Journal of Convergence Information Technology 5 2010
203537807;Multiagent and Grid Systems;Multiagent and Grid Systems 7 2011
111418578;Journal of Heuristics;Journal of Heuristics 2 1997
25615441;Robot;Robot 1 2014
97130795;IEEE Transactions on Parallel and Distributed Systems;IEEE Transactions on Parallel and Distributed Systems 28 2017
151317046;A Quarterly Journal of Operations Research;A Quarterly Journal of Operations Research 2 2004
5437875;Statistics and Computing;Statistics and Computing 7 1997
988029680;IEEE Transactions on Computational Intelligence and AI in Games;IEEE Transactions on Computational Intelligence and AI in Games 9 2017
184954342;IEEE Transactions on Automatic Control;IEEE Transactions on Automatic Control 60 2015
50245893;Journal of Computer Science;Journal of Computer Science 10 2014
51041755;International Journal of Ambient Computing and Intelligence;International Journal of Ambient Computing and Intelligence 4 2012
2764391171;Scalable Computing: Practice and Experience;Scalable Computing: Practice and Experience 2 2001
2739052517;RT. A Journal on Research Policy and Evaluation;RT. A Journal on Research Policy and Evaluation 1 2013
2764383307;Education for Information;Education for Information 27 2010
27455496;Journal of Computational Neuroscience;Journal of Computational Neuroscience 15 2003
57525425;Journal of Functional and Logic Programming;Journal of Functional and Logic Programming 1999 1999
158797327;IEEE Communications Magazine;IEEE Communications Magazine 53 2015
30338973;Universal Access in The Information Society;Universal Access in The Information Society 1 2001
93468912;Teleoperators and Virtual Environments;Teleoperators and Virtual Environments 3 1994
198285748;Multidimensional Systems and Signal Processing;Multidimensional Systems and Signal Processing 10 1999
199067057;Journal of Zhejiang University Science C;Journal of Zhejiang University Science C 14 2013
51360982;Automatica;Automatica 67 2016
158577884;Kybernetika;Kybernetika 38 2002
2764848058;The Journal of Combinatorics;The Journal of Combinatorics 20 1999
94059882;International Journal of Information Technology Project Management;International Journal of Information Technology Project Management 6 2015
169174478;Journal on Data Semantics;Journal on Data Semantics 2 2013
183498172;Journal of The Franklin Institute-engineering and Applied Mathematics;Journal of The Franklin Institute-engineering and Applied Mathematics 349 2012
207931912;Revista De Informática Teórica E Aplicada;Revista De Informática Teórica E Aplicada 2 1995
155002599;Informatik Spektrum;Informatik Spektrum 27 2004
3444786;Neuroinformatics;Neuroinformatics 5 2007
180847057;Journal of Systems Integration;Journal of Systems Integration 10 2001
135965793;Transactions on Machine Learning and Data Mining;Transactions on Machine Learning and Data Mining 7 2014
115004586;Computer Communications;Computer Communications 19 1996
160466889;Minds and Machines;Minds and Machines 6 1996
176303223;Ai Communications;Ai Communications 14 2001
59697426;IEEE Micro;IEEE Micro 9 1989
193995496;Computational Complexity;Computational Complexity 3 1993
35093870;Journal of Approximation Theory;Journal of Approximation Theory 170 2013
206939107;Computer Science and Information Systems;Computer Science and Information Systems 10 2013
199944782;IEEE Transactions on Pattern Analysis and Machine Intelligence;IEEE Transactions on Pattern Analysis and Machine Intelligence 38 2016
163534328;Marketing Science;Marketing Science 36 2017
197419112;Journal of Logic, Language and Information;Journal of Logic, Language and Information 5 1996
63515265;Logistics Research;Logistics Research 7 2014
164062316;International Journal of Information Security;International Journal of Information Security 1 2002
2764863393;Network Security;Network Security 78 2001
107925523;Journal of Combinatorial Optimization;Journal of Combinatorial Optimization 31 2014
149131268;Journal of Economic Theory;Journal of Economic Theory 168 2017
171169652;International Journal of Applied Earth Observation and Geoinformation;International Journal of Applied Earth Observation and Geoinformation 9 2007
93986401;Fuzzy Optimization and Decision Making;Fuzzy Optimization and Decision Making 4 2005
897311980;Siam Journal on Control and Optimization;Siam Journal on Control and Optimization 54 2016
128779766;Journal of Organizational Computing and Electronic Commerce;Journal of Organizational Computing and Electronic Commerce 17 2007
115019648;Journal of Librarianship and Information Science;Journal of Librarianship and Information Science 51 2019
145445665;Ai & Society;Ai & Society 8 1994
176024842;Rundbrief Der Gi-fachgruppe 5.10 Informationssystem-architekturen;Rundbrief Der Gi-fachgruppe 5.10 Informationssystem-architekturen 1999 1999
2498033248;Contributions to Discrete Mathematics;Contributions to Discrete Mathematics 2 2007
2764846446;Journal of Computational Methods in Sciences and Engineering archive;Journal of Computational Methods in Sciences and Engineering archive 5 2005
30128005;Journal of Network and Computer Applications;Journal of Network and Computer Applications 40 2014
985303;Technometrics;Technometrics 59 2017
2764536774;Information Services and Use archive;Information Services and Use archive 27 2007
133922704;Journal of High Speed Networks;Journal of High Speed Networks 19 2013
114268679;Journal of Electronic Commerce Research;Journal of Electronic Commerce Research 3 2002
17421805;Computer-aided Design;Computer-aided Design 61 2015
38901890;International Journal of Accounting Information Systems;International Journal of Accounting Information Systems 2 2001
73535193;Computers & Mathematics With Applications;Computers & Mathematics With Applications 67 2014
192184247;International Journal of Mobile Computing and Multimedia Communications;International Journal of Mobile Computing and Multimedia Communications 3 2011
103671469;Discrete and Computational Geometry;Discrete and Computational Geometry 54 2015
2764582272;Technology, Knowledge, and Learning;Technology, Knowledge, and Learning 20 2015
68047077;International Journal of Foundations of Computer Science;International Journal of Foundations of Computer Science 27 2016
116393019;Grammars;Grammars 6 2003
76152103;IEEE Transactions on Systems, Man, and Cybernetics;IEEE Transactions on Systems, Man, and Cybernetics 46 2016
2765058733;Journal of Computational Methods in Sciences and Engineering;Journal of Computational Methods in Sciences and Engineering 8 2008
140218187;Journal of Grid Computing;Journal of Grid Computing 1 2003
76600781;Analog Integrated Circuits and Signal Processing;Analog Integrated Circuits and Signal Processing 25 2000
171741597;Discrete Applied Mathematics;Discrete Applied Mathematics 172 2014
119727669;Intelligent Decision Technologies;Intelligent Decision Technologies 3 2009
20945777;International Journal of Computer Science & Applications;International Journal of Computer Science & Applications 7 2010
169988927;Journal of the Operational Research Society;Journal of the Operational Research Society 61 2010
89324355;Algorithmica;Algorithmica 36 2003
172430362;Problems of Information Transmission;Problems of Information Transmission 39 2003
162923185;International Journal of Agent Technologies and Systems;International Journal of Agent Technologies and Systems 4 2012
92260147;Information Systems Journal;Information Systems Journal 27 2017
2764900261;Communications in computer and information science;Communications in computer and information science 475 2014
120694666;in Silico Biology;in Silico Biology 7 2007
63459445;IEEE Transactions on Wireless Communications;IEEE Transactions on Wireless Communications 15 2016
103047102;Optimization Methods & Software;Optimization Methods & Software 31 2016
111326731;IEEE Transactions on Geoscience and Remote Sensing;IEEE Transactions on Geoscience and Remote Sensing 54 2016
2764687021;The Australasian Journal of Combinatorics;The Australasian Journal of Combinatorics 48 2010
17203304;Automatic Control and Computer Sciences;Automatic Control and Computer Sciences 42 2008
32573412;Simulation;Simulation 68 1997
21401918;European Journal of Control;European Journal of Control 27 2016
180838163;Journal of Cheminformatics;Journal of Cheminformatics 4 2012
111406016;International Journal of Adaptive, Resilient and Autonomic Systems;International Journal of Adaptive, Resilient and Autonomic Systems 3 2012
119682046;Log in;Log in 34 2009
168680287;IEEE Transactions on Signal Processing;IEEE Transactions on Signal Processing 58 2010
70831867;Foundations and Trends in Communications and Information Theory;Foundations and Trends in Communications and Information Theory 2 2005
95210917;Machine Translation;Machine Translation 16 2001
132362803;Computational Statistics & Data Analysis;Computational Statistics & Data Analysis 99 2016
14881475;Science and Engineering Ethics;Science and Engineering Ethics 18 2012
119153320;Journal of Decision Systems;Journal of Decision Systems 17 2008
87357125;Biological Cybernetics;Biological Cybernetics 65 1991
132210109;International Journal of Game Theory;International Journal of Game Theory 48 2019
2496055428;International Journal of Multimedia Information Retrieval;International Journal of Multimedia Information Retrieval 2 2013
135221619;Computer Aided Geometric Design;Computer Aided Geometric Design 11 1994
106148199;Cluster Computing;Cluster Computing 6 2003
169201059;Computer Systems: Science & Engineering;Computer Systems: Science & Engineering 16 2001
155526855;Computational Linguistics;Computational Linguistics 11 1985
5467817;Emisa Forum;Emisa Forum 24 2004
65577673;The Computer Science Journal of Moldova;The Computer Science Journal of Moldova 16 2008
34838331;Future Internet;Future Internet 7281 2012
2764891196;Social Network Analysis and Mining;Social Network Analysis and Mining 4 2014
2480581173;Progress in Artificial Intelligence;Progress in Artificial Intelligence 1 2012
133905466;Journal of Multivariate Analysis;Journal of Multivariate Analysis 153 2017
90199469;Annals of Mathematics and Artificial Intelligence;Annals of Mathematics and Artificial Intelligence 9 1993
195663827;Microprocessors and Microsystems;Microprocessors and Microsystems 23 1999
1757003;Ingénierie Des Systèmes D'information;Ingénierie Des Systèmes D'information 320 2015
87725633;IEEE Transactions on Reliability;IEEE Transactions on Reliability 63 2014
56603566;Systems & Control Letters;Systems & Control Letters 61 2012
116492418;International Journal of Advanced Corporate Learning (ijac);International Journal of Advanced Corporate Learning (ijac) 7 2014
2502544478;IEEE Transactions on Control of Network Systems;IEEE Transactions on Control of Network Systems 3 2016
53142634;International Journal of Medical Informatics;International Journal of Medical Informatics 76 2007
2765053841;The Journal of Internet Banking and Commerce;The Journal of Internet Banking and Commerce 14 2009
165542689;Computational Geometry: Theory and Applications;Computational Geometry: Theory and Applications 18 2001
207023548;Neural Computation;Neural Computation 27 2015
37879656;Journal of Systems and Software;Journal of Systems and Software 25 1994
59504999;Informatica Didactica;Informatica Didactica 4 2001
4121042;Spatial Cognition and Computation;Spatial Cognition and Computation 2 2000
2734381524;Logic Journal of the IGPL;Logic Journal of the IGPL 24 2015
92163612;Robotica;Robotica 22 2004
21029587;Science of Computer Programming;Science of Computer Programming 77 2012
92819544;Quantum Information Processing;Quantum Information Processing 15 2016
42080949;IEEE Transactions on Neural Networks;IEEE Transactions on Neural Networks 27 2016
41523882;ACM Transactions on Knowledge Discovery From Data;ACM Transactions on Knowledge Discovery From Data 11 2017
104924063;Computational Biology and Chemistry;Computational Biology and Chemistry 24 2000
161053114;Central European Journal of Operations Research;Central European Journal of Operations Research 22 2014
13144211;Expert Systems With Applications;Expert Systems With Applications 38 2011
52430896;Journal of Optimization Theory and Applications;Journal of Optimization Theory and Applications 179 2018
30880287;Studia Logica;Studia Logica 78 2004
32015433;Datenbank Rundbrief;Datenbank Rundbrief 27 2001
192894947;Mobile Networks and Applications;Mobile Networks and Applications 1 1996
2764435056;Journal of Information and Data Management;Journal of Information and Data Management 3 2012
114639657;Information Resources Management Journal;Information Resources Management Journal 26 2013
2595940331;arXiv: Symbolic Computation;arXiv: Symbolic Computation 7961 2013
113611870;Environmental Modelling and Software;Environmental Modelling and Software 17 2002
43349511;Production Engineering;Production Engineering 7 2013
2764358787;Computer Education;Computer Education 35 2000
13478950;Studia Informatica Universalis;Studia Informatica Universalis 4 2005
23498535;International Journal of Intelligent Games & Simulation;International Journal of Intelligent Games & Simulation 4 2007
2738841929;Leibniz Transactions on Embedded Systems;Leibniz Transactions on Embedded Systems 1 2014
200526871;Chicago Journal of Theoretical Computer Science;Chicago Journal of Theoretical Computer Science 1998 1998
153329750;Communications in Statistics - Simulation and Computation;Communications in Statistics - Simulation and Computation 46 2017
2764781207;Information services & use;Information services & use 26 2006
33368595;International Journal of Approximate Reasoning;International Journal of Approximate Reasoning 1 1990
101766102;Mathematical Structures in Computer Science;Mathematical Structures in Computer Science 21 2011
120629676;IEEE Signal Processing Letters;IEEE Signal Processing Letters 23 2016
149064342;Mathematical Social Sciences;Mathematical Social Sciences 80 2016
105380075;IEEE Computer Graphics and Applications;IEEE Computer Graphics and Applications 37 2017
193624734;IEEE Transactions on Aerospace and Electronic Systems;IEEE Transactions on Aerospace and Electronic Systems 53 2017
130014885;Theory of Computing Systems / Mathematical Systems Theory;Theory of Computing Systems / Mathematical Systems Theory 59 2016
137519996;Electronic Markets;Electronic Markets 23 2013
2492086750;ACM Transactions on Intelligent Systems and Technology;ACM Transactions on Intelligent Systems and Technology 7 2016
177062229;Scholarpedia;Scholarpedia 9 2016
2764431378;Logic group preprint series;Logic group preprint series 39 1991
157921468;ACM Computing Surveys;ACM Computing Surveys 52 2019
158706580;New Ideas in Psychology;New Ideas in Psychology 47 2017
118992489;Journal of the ACM;Journal of the ACM 65 2018
75897683;Semigroup Forum;Semigroup Forum 95 2017
196647941;IEEE Transactions on Communications;IEEE Transactions on Communications 64 2016
2765066696;Model Assisted Statistics and Applications;Model Assisted Statistics and Applications 3 2008
60769682;International Journal of Gaming and Computer-mediated Simulations;International Journal of Gaming and Computer-mediated Simulations 8 2016
73060445;The Visual Computer;The Visual Computer 28 2012
201800618;Health Informatics Journal;Health Informatics Journal 22 2016
151820558;Pattern Recognition Letters;Pattern Recognition Letters 32 2011
114379355;Logical Methods in Computer Science;Logical Methods in Computer Science 15 2004
153731000;Journal of Systems Science and Systems Engineering;Journal of Systems Science and Systems Engineering 14 2005
9186059;Library Trends;Library Trends 46 1997
3084184;Computer Networks and Isdn Systems;Computer Networks and Isdn Systems 291 2012
198823948;Computerized Medical Imaging and Graphics;Computerized Medical Imaging and Graphics 32 2008
21117631;Journal of Computational Chemistry;Journal of Computational Chemistry 39 2018
38883057;Information & Management;Information & Management 20 1991
44643521;The Computer Journal;The Computer Journal 32 1989
107361000;Advances in Complex Systems;Advances in Complex Systems 14 2011
98831239;Microelectronics Journal;Microelectronics Journal 45 2014
119636414;Experimental Mathematics;Experimental Mathematics 25 2016
154432073;Foundations and Trends in Technology, Information and Operations Management;Foundations and Trends in Technology, Information and Operations Management 10 2017
129573059;International Journal of Human-computer Studies / International Journal of Man-machine Studies;International Journal of Human-computer Studies / International Journal of Man-machine Studies 33 1990
45497385;Pattern Analysis and Applications;Pattern Analysis and Applications 15 2012
201710173;Government Information Quarterly;Government Information Quarterly 28 2011
100835903;IEEE Transactions on Computer-Aided Design of Integrated Circuits and Systems;IEEE Transactions on Computer-Aided Design of Integrated Circuits and Systems 35 2016
62238642;IEEE ACM Transactions on Networking;IEEE ACM Transactions on Networking 24 2016
140566499;IEEE Computational Intelligence Bulletin;IEEE Computational Intelligence Bulletin 1 2002
115304631;IEEE Transactions on Image Processing;IEEE Transactions on Image Processing 25 2016
2595770078;arXiv: Cryptography and Security;arXiv: Cryptography and Security 8185 2013
2737892508;Information Research: An International Electronic Journal;Information Research: An International Electronic Journal 13 2008
56112914;Journal of Computing Sciences in Colleges;Journal of Computing Sciences in Colleges 23 2007
206927758;Computer-aided Civil and Infrastructure Engineering;Computer-aided Civil and Infrastructure Engineering 31 2016
133768115;Robotics and Autonomous Systems;Robotics and Autonomous Systems 83 2016
83591844;Journal of Global Information Management;Journal of Global Information Management 24 2016
133795288;IEEE Transactions on Dependable and Secure Computing;IEEE Transactions on Dependable and Secure Computing 15 2018
123019304;Neural Networks;Neural Networks 22 2009
183885566;Real-time Systems;Real-time Systems 20 2001
96609033;Artificial Intelligence and Law;Artificial Intelligence and Law 6 1998
2476691880;Journal of the Ramanujan Mathematical Society;Journal of the Ramanujan Mathematical Society 20 2005
164898596;Journal of Applied Logic;Journal of Applied Logic 24 2017
116712389;European Journal of Information Systems;European Journal of Information Systems 10 2001
137436721;Graphical Models /graphical Models and Image Processing /computer Vision, Graphics, and Image Processing;Graphical Models /graphical Models and Image Processing /computer Vision, Graphics, and Image Processing 74 2012
177762063;Journal of Cellular Automata;Journal of Cellular Automata 6 2011
3642299;Archives and Museum Informatics;Archives and Museum Informatics 11 1997
134228058;Frontiers of Computer Science in China;Frontiers of Computer Science in China 6 2012
10936095;IEEE Transactions on Vehicular Technology;IEEE Transactions on Vehicular Technology 65 2016
2764979601;International journal of mini & microcomputers;International journal of mini & microcomputers 16 1992
141020589;Journal of Computer and System Sciences;Journal of Computer and System Sciences 82 2016
178780388;International Journal on Artificial Intelligence Tools;International Journal on Artificial Intelligence Tools 10 2001
181844767;Journal of Integrative Bioinformatics;Journal of Integrative Bioinformatics 8 2011
93787993;IEEE Transactions on Evolutionary Computation;IEEE Transactions on Evolutionary Computation 18 2014
2494570641;IEEE Transactions on Computational Imaging;IEEE Transactions on Computational Imaging 1 2015
133363738;IEEE Transactions on Control Systems and Technology;IEEE Transactions on Control Systems and Technology 24 2016
2738831096;e-Informatica Software Engineering Journal;e-Informatica Software Engineering Journal 1 2007
21495196;International Journal of Knowledge Engineering and Soft Data Paradigms;International Journal of Knowledge Engineering and Soft Data Paradigms 4 2014
6941720;Theoretical Informatics and Applications;Theoretical Informatics and Applications 31 1997
182710874;Mathematical and Computer Modelling;Mathematical and Computer Modelling 41 2005
10169007;Knowledge Based Systems;Knowledge Based Systems 130 2017
67390379;International Journal of Computers and Their Applications;International Journal of Computers and Their Applications 20 2013
161992435;Annales Umcs, Informatica;Annales Umcs, Informatica 4 2006
2764704665;Neural Parallel & Scientific Comp;Neural Parallel & Scientific Comp 12 2004
95818940;Datenschutz Und Datensicherheit - Dud;Datenschutz Und Datensicherheit - Dud 38 2014
64621741;Journal of Computer-aided Molecular Design;Journal of Computer-aided Molecular Design 10 1996
2764518736;Memoirs of the Faculty of the Engineering, Okayama University;Memoirs of the Faculty of the Engineering, Okayama University 44 2010
117679221;SIAM Journal on Discrete Mathematics;SIAM Journal on Discrete Mathematics 29 2015
82389852;Networking and Information Systems Journal;Networking and Information Systems Journal 2 1999
86033158;PLOS Computational Biology;PLOS Computational Biology 11 2015
60779006;Computers in Industry;Computers in Industry 59 2008
73012565;Datenbank-spektrum;Datenbank-spektrum 6 2003
108066127;The International Journal of Computers, Systems and Signal;The International Journal of Computers, Systems and Signal 5 2004
192071280;Journal of Computational Science;Journal of Computational Science 1 2010
2764744134;IEICE technical report. Speech;IEICE technical report. Speech 112 2013
57608813;Paladyn;Paladyn 1 2010
131800149;Abdominal Imaging;Abdominal Imaging 8198 2013
2486202937;IEICE Transactions on Information and Systems;IEICE Transactions on Information and Systems 94 2011
186357190;Future Generation Computer Systems;Future Generation Computer Systems 19 2003
2736775122;Kinerja: Journal of Business and Economics;Kinerja: Journal of Business and Economics 19 2017
2642811;ACM Transactions on Information and System Security;ACM Transactions on Information and System Security 17 2014
163673364;Information Research;Information Research 10 2004
201104086;ACM Journal of Experimental Algorithms;ACM Journal of Experimental Algorithms 21 2016
167873845;Journal of Scientific Research;Journal of Scientific Research 2 2013
18360026;Parallel Processing Letters;Parallel Processing Letters 15 2005
119508283;D-lib Magazine;D-lib Magazine 13 2007
184777250;IEEE Transactions on Industrial Informatics;IEEE Transactions on Industrial Informatics 13 2017
142132501;Monte Carlo Methods and Applications;Monte Carlo Methods and Applications 18 2012
2764539693;EURO Journal on Transportation and Logistics;EURO Journal on Transportation and Logistics 1 2012
38703467;ACM Transactions on Modeling and Computer Simulation;ACM Transactions on Modeling and Computer Simulation 25 2015
73028643;Journal of Classification;Journal of Classification 32 2015
64351449;Biometals;Biometals 8897 2014
25827807;International Journal of Computational Geometry and Applications;International Journal of Computational Geometry and Applications 25 2015
2492266406;Journal of Ambient Intelligence and Smart Environments;Journal of Ambient Intelligence and Smart Environments 7 2015
12647387;Optimization Letters;Optimization Letters 12 2018
2736964386;Electronic Journal of Information Technology in Construction;Electronic Journal of Information Technology in Construction 16 2011
102748110;Complex Systems;Complex Systems 19 2011
137506714;Knowledge Engineering Review;Knowledge Engineering Review 2 1990
2485537415;IEEE Access;IEEE Access 3 2015
157146593;Journal of Parallel and Distributed Computing;Journal of Parallel and Distributed Computing 12 1991
157664362;International Journal of Cognitive Informatics and Natural Intelligence;International Journal of Cognitive Informatics and Natural Intelligence 6 2012
105046310;ACM Transactions on Design Automation of Electronic Systems;ACM Transactions on Design Automation of Electronic Systems 20 2015
50631486;Journal of Knowledge Management;Journal of Knowledge Management 2 2006
36029991;IEEE/ACM Transactions on Computational Biology and Bioinformatics;IEEE/ACM Transactions on Computational Biology and Bioinformatics 13 2016
149070780;Production and Operations Management;Production and Operations Management 28 2019
172351290;Mathematical Logic Quarterly;Mathematical Logic Quarterly 50 2004
6144335;Journal of Strategic Information Systems;Journal of Strategic Information Systems 7 1998
142323794;IEEE Journal on Emerging and Selected Topics in Circuits and Systems;IEEE Journal on Emerging and Selected Topics in Circuits and Systems 6 2016
86586338;International Journal of Web Engineering and Technology;International Journal of Web Engineering and Technology 11 2016
134177497;IEEE Transactions on Fuzzy Systems;IEEE Transactions on Fuzzy Systems 24 2016
128025751;Speech Communication;Speech Communication 78 2016
103482838;Communications of The ACM;Communications of The ACM 52 2009
2596698331;arXiv: Multiagent Systems;arXiv: Multiagent Systems 189 2013
206928812;Journal of Visual Languages and Computing;Journal of Visual Languages and Computing 1 1990
96105035;Electronic Transactions on Artificial Intelligence;Electronic Transactions on Artificial Intelligence 4 2000
114506903;International Journal on Advances in Information Sciences and Service Sciences;International Journal on Advances in Information Sciences and Service Sciences 2 2010
145649206;Intelligent Service Robotics;Intelligent Service Robotics 10 2017
79551877;ACM Transactions on Accessible Computing;ACM Transactions on Accessible Computing 9 2017
119528808;Information Technology for Development;Information Technology for Development 24 2018
925225069;Finite Fields and Their Applications;Finite Fields and Their Applications 18 2012
86192639;IT Professional;IT Professional 16 2014
31905469;International Journal of Sensor Networks;International Journal of Sensor Networks 20 2016
144091109;Autonomous Robots;Autonomous Robots 23 2007
177675236;Journal of Symbolic Logic;Journal of Symbolic Logic 49 1984
2764766652;Automatika: Journal for Control, Measurement, Electronics, Computing and Communications;Automatika: Journal for Control, Measurement, Electronics, Computing and Communications 52 2011
2493627025;IEICE Transactions on Communications;IEICE Transactions on Communications 95 2012
155575560;Informs Transactions on Education;Informs Transactions on Education 10 2010
183492911;Proceedings of SPIE;Proceedings of SPIE 9417 2015
57947533;Computer Science;Computer Science 14 2013
136297078;International Journal of Unconventional Computing;International Journal of Unconventional Computing 4 2008
106992369;Journal of Computer Security;Journal of Computer Security 13 2005
99091567;Simulation Practice and Theory;Simulation Practice and Theory 6 1998
8506441;Linguistic Inquiry;Linguistic Inquiry 48 2017
177792750;Decision Sciences;Decision Sciences 40 2009
49978999;Lecture Notes in Control and Information Sciences;Lecture Notes in Control and Information Sciences 245 1999
46746144;Contexts;Contexts 6967 2011
2764815428;WSEAS TRANSACTIONS on COMMUNICATIONS archive;WSEAS TRANSACTIONS on COMMUNICATIONS archive 10 2011
7291079;Combinatorics, Probability & Computing;Combinatorics, Probability & Computing 23 2014
165318533;Informs Journal on Computing;Informs Journal on Computing 28 2016
59667848;Random Structures and Algorithms;Random Structures and Algorithms 53 2018
84775595;IEEE Transactions on Visualization and Computer Graphics;IEEE Transactions on Visualization and Computer Graphics 22 2016
2764661160;International journal of networking and computing;International journal of networking and computing 2 2012
164447516;International Journal of Asian Business and Information Management;International Journal of Asian Business and Information Management 5 2014
8427965;Biomedical Signal Processing and Control;Biomedical Signal Processing and Control 20 2015
191329154;Displays;Displays 40 2015
79460864;Information Retrieval;Information Retrieval 18 2015
121340289;Computers & Electrical Engineering;Computers & Electrical Engineering 45 2015
116775814;Computers and Electronics in Agriculture;Computers and Electronics in Agriculture 114 2015
140556538;Applied Soft Computing;Applied Soft Computing 34 2015
1032290579;Computers in Education;Computers in Education 88 2015
166473334;Iet Circuits Devices & Systems;Iet Circuits Devices & Systems 6 2012
114739668;Simulation Modelling Practice and Theory;Simulation Modelling Practice and Theory 56 2015
156904493;Signal, Image and Video Processing;Signal, Image and Video Processing 10 2016
121920818;Data Mining and Knowledge Discovery;Data Mining and Knowledge Discovery 30 2016
78571599;Journal of Computational Biology;Journal of Computational Biology 23 2016
2495878607;Virtual Reality;Virtual Reality 19 2015
196821226;Computers & Industrial Engineering;Computers & Industrial Engineering 87 2015
133117437;International Journal of Critical Infrastructure Protection;International Journal of Critical Infrastructure Protection 10 2015
169221615;Information Economics and Policy;Information Economics and Policy 31 2015
204030396;Computers in Human Behavior;Computers in Human Behavior 51 2015
16632050;ACM Transactions on Autonomous and Adaptive Systems;ACM Transactions on Autonomous and Adaptive Systems 10 2015
142305363;Computer Physics Communications;Computer Physics Communications 196 2015
2764999920;International Journal of Machine Learning and Cybernetics;International Journal of Machine Learning and Cybernetics 6 2015
27769002;Operations Research Letters;Operations Research Letters 43 2015
133646729;Microelectronics Reliability;Microelectronics Reliability 55 2015
119160570;International Journal of Systems and Service-oriented Engineering;International Journal of Systems and Service-oriented Engineering 5 2015
110615584;International Journal on Digital Libraries;International Journal on Digital Libraries 16 2015
205292342;Journal of Informetrics;Journal of Informetrics 10 2016
127660348;Journal of Systems Architecture;Journal of Systems Architecture 65 2016
185008460;Computer Vision and Image Understanding;Computer Vision and Image Understanding 136 2015
206124708;Organization Science;Organization Science 27 2016
46300952;Medical & Biological Engineering & Computing;Medical & Biological Engineering & Computing 53 2015
38090728;Signal Processing-image Communication;Signal Processing-image Communication 39 2015
1001844925;International Journal of Natural Computing Research;International Journal of Natural Computing Research 5 2015
62275304;Journal of Digital Imaging;Journal of Digital Imaging 28 2015
155615518;Statistical Methods and Applications;Statistical Methods and Applications 24 2015
129236917;World Wide Web;World Wide Web 19 2016
99753134;Cognitive Processing;Cognitive Processing 16 2015
2729999759;Transactions of the Association for Computational Linguistics;Transactions of the Association for Computational Linguistics 3 2015
81011612;International Journal of Bifurcation and Chaos;International Journal of Bifurcation and Chaos 25 2015
91252481;Computer Speech & Language;Computer Speech & Language 36 2016
127154787;Robotics;Robotics 3 1987
94821547;Computers & Graphics;Computers & Graphics 51 2015
81770430;Knowledge and Information Systems;Knowledge and Information Systems 46 2016
193006928;Information Systems;Information Systems 53 2015
48659482;Optical Switching and Networking;Optical Switching and Networking 18 2015
20109229;Circuits Systems and Signal Processing;Circuits Systems and Signal Processing 35 2016
140982614;Pervasive and Mobile Computing;Pervasive and Mobile Computing 24 2015
172477885;Annals of Pure and Applied Logic;Annals of Pure and Applied Logic 166 2015
83337018;International Journal of Information System Modeling and Design;International Journal of Information System Modeling and Design 6 2015
16540516;Advances in Engineering Software;Advances in Engineering Software 86 2015
126154059;International Journal of Distributed Systems and Technologies;International Journal of Distributed Systems and Technologies 6 2015
105424869;Journal of Visual Communication and Image Representation;Journal of Visual Communication and Image Representation 30 2015
141478581;Journal of Enterprise Information Management;Journal of Enterprise Information Management 29 2016
67072002;Journal of Network and Systems Management;Journal of Network and Systems Management 24 2016
74726891;Applied Intelligence;Applied Intelligence 43 2015
62270215;International Journal of Information Systems and Supply Chain Management;International Journal of Information Systems and Supply Chain Management 8 2015
120348307;Procedia Computer Science;Procedia Computer Science 52 2015
12148721;Theory in Biosciences;Theory in Biosciences 134 2015
63392143;Computer Networks;Computer Networks 85 2015
80299757;IEEE Transactions on Biomedical Circuits and Systems;IEEE Transactions on Biomedical Circuits and Systems 10 2016
205755620;International Journal of Reasoning-based Intelligent Systems;International Journal of Reasoning-based Intelligent Systems 7 2015
900972176;Engineering Applications of Artificial Intelligence;Engineering Applications of Artificial Intelligence 43 2015
117153874;ACM Transactions on Computational Logic;ACM Transactions on Computational Logic 18 2017
55310782;Journal of Computing in Higher Education;Journal of Computing in Higher Education 11 1999
37151855;Journal of Medical Systems;Journal of Medical Systems 39 2015
173077093;Mathematical Programming Computation;Mathematical Programming Computation 9 2017
18047094;International Journal of E-health and Medical Communications;International Journal of E-health and Medical Communications 6 2015
135796719;International Journal of Mathematics in Operational Research;International Journal of Mathematics in Operational Research 7 2015
55464786;Computing and Visualization in Science;Computing and Visualization in Science 17 2015
32114090;Mathematics and Computers in Simulation;Mathematics and Computers in Simulation 145 2018
161160597;Siam Journal on Applied Dynamical Systems;Siam Journal on Applied Dynamical Systems 14 2015
34995574;Proceedings of The Vldb Endowment;Proceedings of The Vldb Endowment 4 2011
69141925;IEEE Transactions on Mobile Computing;IEEE Transactions on Mobile Computing 15 2016
95464858;Econometrica;Econometrica 70 2002
119630662;Computer Standards & Interfaces;Computer Standards & Interfaces 44 2016
8943243;International Journal of Digital Crime and Forensics;International Journal of Digital Crime and Forensics 7 2015
141199735;Journal of Clinical Bioinformatics;Journal of Clinical Bioinformatics 5 2015
61310614;IEEE Transactions on Information Forensics and Security;IEEE Transactions on Information Forensics and Security 11 2016
2764346689;Swarm and evolutionary computation;Swarm and evolutionary computation 23 2015
2737240468;International Journal of Engineering Pedagogy (iJEP);International Journal of Engineering Pedagogy (iJEP) 5 2015
119470311;International Journal of Web Services Research;International Journal of Web Services Research 12 2015
118357697;Brain;Brain 4 2014
74141806;Siam Journal on Mathematical Analysis;Siam Journal on Mathematical Analysis 48 2016
12529635;Computers & Security;Computers & Security 53 2015
18792341;International Journal of Fuzzy Systems;International Journal of Fuzzy Systems 17 2015
53932126;International Journal of Data Warehousing and Mining;International Journal of Data Warehousing and Mining 11 2015
198914822;Earth Science Informatics;Earth Science Informatics 8 2015
199269040;International Journal of Organizational and Collective Intelligence;International Journal of Organizational and Collective Intelligence 5 2015
165512578;SIAM Journal on Scientific Computing;SIAM Journal on Scientific Computing 37 2015
152600803;Siam Journal on Imaging Sciences;Siam Journal on Imaging Sciences 8 2015
139392130;Integration;Integration 52 2016
189354248;International Journal of Information Management;International Journal of Information Management 35 2015
160107561;Siam Review;Siam Review 58 2016
11282291;Journal of Real-time Image Processing;Journal of Real-time Image Processing 12 2016
34051739;Scientific Annals of Cuza University;Scientific Annals of Cuza University 11 2002
40280859;International Journal of Systems Assurance Engineering and Management;International Journal of Systems Assurance Engineering and Management 7 2016
25720340;Telematics and Informatics;Telematics and Informatics 32 2015
58852226;Iet Information Security;Iet Information Security 10 2016
92132303;International Journal of Circuit Theory and Applications;International Journal of Circuit Theory and Applications 45 2017
152086823;International Journal of Actor-network Theory and Technological Innovation;International Journal of Actor-network Theory and Technological Innovation 7 2015
175875397;International Journal of Mobile and Blended Learning;International Journal of Mobile and Blended Learning 7 2015
157655868;Sprachwissenschaft;Sprachwissenschaft 7 2016
85375271;International Journal of Parallel, Emergent and Distributed Systems;International Journal of Parallel, Emergent and Distributed Systems 33 2018
64245694;Software and Systems Modeling;Software and Systems Modeling 15 2016
77200987;Siam Journal on Applied Mathematics;Siam Journal on Applied Mathematics 75 2015
1983995261;PeerJ;PeerJ 3 2015
99347777;BioSystems;BioSystems 136 2015
11622463;Journal of Biomedical Informatics;Journal of Biomedical Informatics 58 2015
134188425;Automation and Remote Control;Automation and Remote Control 76 2015
7509020;International Journal of Applied Metaheuristic Computing;International Journal of Applied Metaheuristic Computing 6 2015
205010575;Information & Software Technology;Information & Software Technology 66 2015
2739271655;Journal of Community Informatics;Journal of Community Informatics 13 2015
73121659;Computer Science Review;Computer Science Review 17 2015
173527311;IEEE Transactions on Network and Service Management;IEEE Transactions on Network and Service Management 13 2016
133078663;Cognitive Computation;Cognitive Computation 8 2016
207090427;Requirements Engineering;Requirements Engineering 21 2016
77020770;International Journal of E-business Research;International Journal of E-business Research 11 2015
2764882266;Machine Graphics & Vision International Journal archive;Machine Graphics & Vision International Journal archive 17 2008
23159541;International Journal of Applied Geospatial Research;International Journal of Applied Geospatial Research 4 2013
15272795;International Journal of Emerging Technologies in Learning (ijet);International Journal of Emerging Technologies in Learning (ijet) 10 2015
2502731256;Dynamic Games and Applications;Dynamic Games and Applications 6 2016
112141509;Advanced Engineering Informatics;Advanced Engineering Informatics 29 2015
207180383;Journal of Simulation;Journal of Simulation 10 2016
67081940;Digital Investigation;Digital Investigation 13 2015
59670734;Theory and Practice of Logic Programming;Theory and Practice of Logic Programming 2 2002
41449414;ACM Transactions on Programming Languages and Systems;ACM Transactions on Programming Languages and Systems 38 2016
2764451487;International journal of innovation and scientific research;International journal of innovation and scientific research 4 2014
30698027;IEEE Transactions on Knowledge and Data Engineering;IEEE Transactions on Knowledge and Data Engineering 28 2016
131231701;ACM Transactions on The Web;ACM Transactions on The Web 10 2016
2764984623;Academic Press Library in Signal Processing;Academic Press Library in Signal Processing 1 2014
177430994;Image and Vision Computing;Image and Vision Computing 39 2015
61699894;Computers & Geosciences;Computers & Geosciences 82 2015
8087957;International Journal of Mobile Human Computer Interaction;International Journal of Mobile Human Computer Interaction 7 2015
44278595;Computers in Biology and Medicine;Computers in Biology and Medicine 63 2015
180914091;International Journal of E-services and Mobile Applications;International Journal of E-services and Mobile Applications 7 2015
176018216;International Journal of Operations Research and Information Systems;International Journal of Operations Research and Information Systems 6 2015
2739104894;Interaction Design and Architecture(s);Interaction Design and Architecture(s) 21 2014
164667806;International Journal of Information Technologies and Systems Approach;International Journal of Information Technologies and Systems Approach 8 2015
201241086;International Journal of Software Science and Computational Intelligence;International Journal of Software Science and Computational Intelligence 6 2014
42504509;Journal of Phonetics;Journal of Phonetics 52 2015
2764555313;International journal of business;International journal of business 5 2014
45653059;Target-international Journal of Translation Studies;Target-international Journal of Translation Studies 29 2017
82262387;Journal of Information Systems;Journal of Information Systems 32 2018
177487720;Peer-to-peer Networking and Applications;Peer-to-peer Networking and Applications 9 2016
76665588;International Journal of Web-based Learning and Teaching Technologies;International Journal of Web-based Learning and Teaching Technologies 10 2015
19610489;ACM Transactions on Multimedia Computing, Communications, and Applications;ACM Transactions on Multimedia Computing, Communications, and Applications 12 2015
198432699;International Journal of Rf Technologies: Research and Applications;International Journal of Rf Technologies: Research and Applications 5 2013
191798613;Networks;Networks 67 2016
2738947950;EAI Endorsed Transactions on e-Learning;EAI Endorsed Transactions on e-Learning 2 2014
195809937;Ecological Informatics;Ecological Informatics 28 2015
2480266640;IEEE Internet of Things Journal;IEEE Internet of Things Journal 3 2016
2898509050;Digital Applications in Archaeology and Cultural Heritage;Digital Applications in Archaeology and Cultural Heritage 2 2015
165303178;International Journal of Digital Literacy and Digital Competence;International Journal of Digital Literacy and Digital Competence 6 2015
144150890;Journal of Geographical Systems;Journal of Geographical Systems 17 2015
42464861;Reports on Mathematical Logic;Reports on Mathematical Logic 48 2013
112262039;Multimedia Systems;Multimedia Systems 22 2016
42468263;Artificial Intelligence in Medicine;Artificial Intelligence in Medicine 64 2015
188069727;Journal of Algorithms & Computational Technology;Journal of Algorithms & Computational Technology 11 2017
2734814886;Digital Scholarship in the Humanities;Digital Scholarship in the Humanities 32 2015
2764465379;ACM Transactions on Computing Education;ACM Transactions on Computing Education 17 2017
116571295;Medical Image Analysis;Medical Image Analysis 24 2015
106707257;Periodica Mathematica Hungarica;Periodica Mathematica Hungarica 45 2002
95999327;IEEE Systems Journal;IEEE Systems Journal 12 2018
73539393;Methods;Methods 83 2015
202381698;PLOS ONE;PLOS ONE 10 2015
160779208;Journal of Applied Probability;Journal of Applied Probability 54 2017
149715497;International Journal of Service Science, Management, Engineering, and Technology;International Journal of Service Science, Management, Engineering, and Technology 6 2015
130363450;IEEE Transactions on Learning Technologies;IEEE Transactions on Learning Technologies 11 2018
20631277;Rairo-operations Research;Rairo-operations Research 49 2015
72873717;IEEE MultiMedia;IEEE MultiMedia 23 2016
164906323;Advances in Applied Mathematics;Advances in Applied Mathematics 80 2016
68913162;Journal of Information Science;Journal of Information Science 41 2015
90422530;IEEE Journal on Selected Areas in Communications;IEEE Journal on Selected Areas in Communications 34 2016
128250343;Formal Aspects of Computing;Formal Aspects of Computing 7 1995
84409260;Biodata Mining;Biodata Mining 10 2017
170502224;ACM Transactions on Sensor Networks;ACM Transactions on Sensor Networks 12 2016
30889260;Iet Signal Processing;Iet Signal Processing 9 2015
55826652;Mathematics of Operations Research;Mathematics of Operations Research 43 2017
148523156;Physical Communication;Physical Communication 16 2015
35363033;Information and Organization;Information and Organization 25 2015
73024538;Journal of Database Management;Journal of Database Management 29 2018
95203059;Nano Communication Networks;Nano Communication Networks 6 2015
2911293512;SIAM/ASA Journal on Uncertainty Quantification;SIAM/ASA Journal on Uncertainty Quantification 3 2015
52395412;Bioinformatics;Bioinformatics 32 2016
2765068136;The annual research report;The annual research report 97 1998
2764800400;Journal of Cryptographic Engineering;Journal of Cryptographic Engineering 5 2015
935328903;Journal of Advances in Information Fusion;Journal of Advances in Information Fusion 6 2011
42167783;IEEE Journal of Selected Topics in Signal Processing;IEEE Journal of Selected Topics in Signal Processing 11 2017
185496201;Entertainment Computing;Entertainment Computing 9 2015
160826262;International Journal of Information Systems in The Service Sector;International Journal of Information Systems in The Service Sector 7 2015
174847851;Information Processing and Management;Information Processing and Management 51 2015
2495854775;IEEE Journal of Biomedical and Health Informatics;IEEE Journal of Biomedical and Health Informatics 20 2016
140962798;Neural Processing Letters;Neural Processing Letters 43 2016
44758500;Advanced Data Analysis and Classification;Advanced Data Analysis and Classification 9 2015
190680769;International Journal of Computational Intelligence Systems;International Journal of Computational Intelligence Systems 8 2015
58126648;Personal and Ubiquitous Computing;Personal and Ubiquitous Computing 19 2015
103640237;International Journal of Distance Education Technologies;International Journal of Distance Education Technologies 13 2015
193803878;International Journal of Human Capital and Information Technology Professionals;International Journal of Human Capital and Information Technology Professionals 6 2015
138031900;Journal of Software: Evolution and Process;Journal of Software: Evolution and Process 27 2015
83215360;Iet Image Processing;Iet Image Processing 9 2015
88603889;New Media & Society;New Media & Society 18 2016
123144817;Journal of Cognitive Neuroscience;Journal of Cognitive Neuroscience 27 2015
136038430;Mathematics in Computer Science;Mathematics in Computer Science 9 2015
117438558;Journal of The London Mathematical Society-second Series;Journal of The London Mathematical Society-second Series 93 2016
2508752;Business Process Management Journal;Business Process Management Journal 22 2016
185367456;ACM Transactions on Graphics;ACM Transactions on Graphics 35 2015
193368155;Journal of Graph Theory;Journal of Graph Theory 85 2017
144543545;Inteligencia Artificial,revista Iberoamericana De Inteligencia Artificial;Inteligencia Artificial,revista Iberoamericana De Inteligencia Artificial 17 2014
166929102;Iet Computer Vision;Iet Computer Vision 9 2015
13624874;Quality Engineering;Quality Engineering 58 2012
6552842;Games;Games 9 2018
2764763012;Computer methods in biomechanics and biomedical engineering. Imaging & visualization;Computer methods in biomechanics and biomedical engineering. Imaging & visualization 5 2017
2764810909;Journal of Online Marketing;Journal of Online Marketing 4 2014
77418581;Solid-state Electronics;Solid-state Electronics 113 2015
20211220;Journal of Web Semantics;Journal of Web Semantics 37 2016
129247094;International Journal of Agricultural and Environmental Information Systems;International Journal of Agricultural and Environmental Information Systems 6 2015
75534514;Constraints - An International Journal;Constraints - An International Journal 22 2017
130700065;International Journal of Technology and Human Interaction;International Journal of Technology and Human Interaction 11 2015
23688054;IEEE Communications Surveys and Tutorials;IEEE Communications Surveys and Tutorials 18 2016
10581796;Ipsj Transactions on System Lsi Design Methodology;Ipsj Transactions on System Lsi Design Methodology 4 2011
106385052;International Journal of Information Communication Technologies and Human Development;International Journal of Information Communication Technologies and Human Development 7 2015
126920919;IEEE Geoscience and Remote Sensing Letters;IEEE Geoscience and Remote Sensing Letters 11 2014
169946233;International Journal of Information Systems for Crisis Response Management;International Journal of Information Systems for Crisis Response Management 6 2014
165362224;Computer Music Journal;Computer Music Journal 39 2015
120609085;Logica Universalis;Logica Universalis 9 2015
93822064;Journal of Applied Non-Classical Logics;Journal of Applied Non-Classical Logics 25 2015
21279965;Journal on Multimodal User Interfaces;Journal on Multimodal User Interfaces 9 2015
129960573;International Journal of e-Collaboration;International Journal of e-Collaboration 11 2015
2489465877;Network Modeling Analysis in Health Informatics and BioInformatics;Network Modeling Analysis in Health Informatics and BioInformatics 4 2015
115173108;IEEE Transactions on Circuits and Systems for Video Technology;IEEE Transactions on Circuits and Systems for Video Technology 26 2016
200968236;International Journal of Knowledge and Systems Science;International Journal of Knowledge and Systems Science 6 2015
38993383;IEEE Transactions on Haptics;IEEE Transactions on Haptics 8 2015
59604973;IEEE Transactions on Smart Grid;IEEE Transactions on Smart Grid 7 2016
928796702;Siam Journal on Optimization;Siam Journal on Optimization 25 2015
63112013;Journal of Interconnection Networks;Journal of Interconnection Networks 17 2017
177842713;International Journal of Sociotechnology and Knowledge Development;International Journal of Sociotechnology and Knowledge Development 6 2014
33948620;Public Transport;Public Transport 7 2015
73484101;The International Journal of Robotics Research;The International Journal of Robotics Research 35 2016
2764789360;Computer-aided chemical engineering;Computer-aided chemical engineering 37 2015
144620930;IEEE Transactions on Robotics;IEEE Transactions on Robotics 31 2015
58069681;IEEE Transactions on Medical Imaging;IEEE Transactions on Medical Imaging 34 2015
125629831;Memetic Computing;Memetic Computing 7 2015
67831204;Computer Graphics Forum;Computer Graphics Forum 36 2017
179816892;Frontiers in Neuroinformatics;Frontiers in Neuroinformatics 10 2016
191782446;International Journal of Information Security and Privacy;International Journal of Information Security and Privacy 8 2014
116626079;International Journal of Intelligent Information Technologies;International Journal of Intelligent Information Technologies 11 2015
2488537894;IEEE Transactions on Cognitive and Developmental Systems;IEEE Transactions on Cognitive and Developmental Systems 8 2016